Channel_ID,Video_IDs,Song_Name,Published_date,Views,Likes,Comments
UCHmk8iNJHvf5mGN6_pkPc7g,NvV9iYx8_go,EMIWAY X MEMAX X JAXK - RUTHLESS (OFFICIAL MUSIC VIDEO),2022-01-02,2471614,164079,10058
UCHmk8iNJHvf5mGN6_pkPc7g,yrhluPAViqE,EMIWAY X HELLAC - RAJA (OFFICIAL MUSIC VIDEO),2021-12-26,3666482,287327,14317
UCHmk8iNJHvf5mGN6_pkPc7g,PbhtAsXmiOw,EMIWAY - STREET TALK (PROD BY MEMAX) (EXPLICIT),2021-12-19,4762591,349988,20457
UCHmk8iNJHvf5mGN6_pkPc7g,bjGuabYAPYM,EMIWAY - SHUKRIYA (OFFICIAL AUDIO),2021-12-09,1250372,123115,10992
UCHmk8iNJHvf5mGN6_pkPc7g,9PzHPn_MQJw,EMIWAY - THAT'S HOW I FEEL (OFFICIAL MUSIC VIDEO),2021-12-05,4968908,322634,14820
UCHmk8iNJHvf5mGN6_pkPc7g,yudS_7gT0Gg,EMIWAY - HEAL (PROD BY EMIWAY BANTAI) (OFFICIAL MUSIC VIDEO),2021-11-28,3240532,284287,16490
UCHmk8iNJHvf5mGN6_pkPc7g,qhIWwn7qQS4,EMIWAY - KYU JANE DE (PROD BY MEME MACHINE) (OFFICIAL MUSIC VIDEO),2021-10-31,4435322,333588,13160
UCHmk8iNJHvf5mGN6_pkPc7g,sLUYIBbmi9g,EMIWAY - ALWAYS ON TOP (PROD BY MEME MACHINE) (OFFICIAL MUSIC VIDEO),2021-10-24,2546608,231095,12357
UCHmk8iNJHvf5mGN6_pkPc7g,ZF6fOvjfWsA,Emiway - Freeverse Feast 2 (PROD BY MEME MACHINE) (OFFICIAL MUSIC VIDEO),2021-10-17,3415825,314047,22464
UCHmk8iNJHvf5mGN6_pkPc7g,t4UjxSvfPxw,EMIWAY - CHALTE FIRTE FT. SWAALINA (PROD BY MEME MACHINE) (OFFICIAL MUSIC VIDEO),2021-10-10,8772243,558005,19040
UCHmk8iNJHvf5mGN6_pkPc7g,VjRwfHKGn0c,Emiway - Believe [Official Audio] | Malum Hai Na (Album),2021-09-30,1594375,100152,4123
UCHmk8iNJHvf5mGN6_pkPc7g,ZvG4Aa1Kqw4,Emiway - Aisa Kuch Shot Nahi Hai (Remix) [Official Audio] | Malum Hai Na (Album),2021-09-30,981556,65195,2765
UCHmk8iNJHvf5mGN6_pkPc7g,cjRD15Wdq14,Emiway - Bantai Ki Public [Official Audio] | Malum Hai Na (Album),2021-09-30,328465,26692,742
UCHmk8iNJHvf5mGN6_pkPc7g,t05muuJYPwI,Emiway - Jawab De [Official Audio] | Malum Hai Na (Album),2021-09-30,241979,19213,567
UCHmk8iNJHvf5mGN6_pkPc7g,hcUItVvV4IA,Emiway - Gum Ko Vata [Official Audio] | Malum Hai Na (Album),2021-09-30,401215,31264,1428
UCHmk8iNJHvf5mGN6_pkPc7g,Bcr4Evba3hs,Emiway - Kyu Jane De [Official Audio] | Malum Hai Na (Album),2021-09-30,308144,26432,1274
UCHmk8iNJHvf5mGN6_pkPc7g,Axa6xIoJX-k,Emiway - Hai Tu Kaun [Official Audio] | Malum Hai Na (Album),2021-09-30,128595,11128,431
UCHmk8iNJHvf5mGN6_pkPc7g,5AV3QEs6P30,Emiway - Malum Hai Na (Intro) [Official Audio] | Malum Hai Na (Album),2021-09-30,176806,17433,736
UCHmk8iNJHvf5mGN6_pkPc7g,UmTcvzvPfr4,Emiway - Momma [Official Audio] | Malum Hai Na (Album),2021-09-30,141244,12991,551
UCHmk8iNJHvf5mGN6_pkPc7g,2z8EQNz_jmU,Emiway - Chalte Firte [Official Audio] | Malum Hai Na (Album),2021-09-30,778486,53998,2402
UCHmk8iNJHvf5mGN6_pkPc7g,6dd-iaw15SY,Emiway - Freeverse Feast 2 [Official Audio] | Malum Hai Na (Album),2021-09-30,557947,55401,5254
UCHmk8iNJHvf5mGN6_pkPc7g,OdtFiwjusAA,Emiway - My Time [Official Audio] | Malum Hai Na (Album),2021-09-30,165103,16499,731
UCHmk8iNJHvf5mGN6_pkPc7g,xD5e1JZLsl8,Emiway - Machayenge 3 [Official Audio] | Malum Hai Na (Album),2021-09-30,347267,47752,3110
UCHmk8iNJHvf5mGN6_pkPc7g,SD5zlTVTamo,Emiway - Always On Top [Official Audio] | Malum Hai Na (Album),2021-09-30,497308,51043,3587
UCHmk8iNJHvf5mGN6_pkPc7g,kkGJ-BKDPR8,EMIWAY - MOMMA (PROD BY MEME MACHINE) (OFFICIAL MUSIC VIDEO),2021-09-30,3081038,268361,15683
UCHmk8iNJHvf5mGN6_pkPc7g,SbhBJhC7og0,EMIWAY - HAI TU KAUN (PROD. MEME MACHINE) (OFFICIAL MUSIC VIDEO),2021-09-26,9879669,322264,29073
UCHmk8iNJHvf5mGN6_pkPc7g,m2dfrSQ5QIo,EMIWAY - JAWAB DE (OFFICIAL MUSIC VIDEO),2021-07-18,6549649,505590,25390
UCHmk8iNJHvf5mGN6_pkPc7g,uYoPUKFM2VE,EMIWAY BANTAI - PAANI MAI | SWAALINA | YOUNG GALIB | (OFFICIAL MUSIC VIDEO),2021-07-01,11353121,547668,22620
UCHmk8iNJHvf5mGN6_pkPc7g,CE3m2ZwbKRo,EMIWAY - MY TIME (PROD. FLAMBOY) (OFFICIAL MUSIC VIDEO),2021-06-20,8365622,489247,28467
UCHmk8iNJHvf5mGN6_pkPc7g,_mgwouKXFfg,EMIWAY BANTAI - SATH MAI | SWAALINA | MEME MACHINE | (OFFICIAL MUSIC VIDEO),2021-06-06,6920814,352539,20540
UCHmk8iNJHvf5mGN6_pkPc7g,D5OrKW4qyG8,SATH MEI OUT NOW,2021-06-06,769198,80632,3589
UCHmk8iNJHvf5mGN6_pkPc7g,6D6Wdvbko6s,EMIWAY - BANTAI KI PUBLIC (PROD BY MEME MACHINE) (OFFICIAL MUSIC VIDEO),2021-05-30,5880818,430989,26691
UCHmk8iNJHvf5mGN6_pkPc7g,y2BYAWsXaec,EMIWAY - MALUM HAI NA (DEBUT ALBUM TRACK LIST),2021-05-16,1534259,143263,5770
UCHmk8iNJHvf5mGN6_pkPc7g,nJNooQDc0Bs,EMIWAY - MACHAYENGE 3 | SWAALINA | ( OFFICIAL MUSIC VIDEO ),2021-05-14,38160167,1701787,80534
UCHmk8iNJHvf5mGN6_pkPc7g,JvneFBoZHs0,EMIWAY - MACHAYENGE 3 | SWAALINA | OFFICIAL TEASER,2021-05-09,2202870,213737,11665
UCHmk8iNJHvf5mGN6_pkPc7g,ZePfl9q8rMM,EMIWAY BANTAI - MALUM HAI NA (INTRO) (OFFICIAL VIDEO),2021-05-02,8434655,730407,41016
UCHmk8iNJHvf5mGN6_pkPc7g,I6Etemcdkgc,EMIWAY - SHY (PROD. MEME MACHINE) (OFFICIAL MUSIC VIDEO),2021-04-22,17134329,792136,36380
UCHmk8iNJHvf5mGN6_pkPc7g,hbyywJxm20w,EMIWAY BANTAI X CHRIS GAYLE (UNIVERSEBOSS) - JAMAICA TO INDIA (PROD BY TONY JAMES) (OFFICIAL VIDEO),2021-04-11,48005815,2114970,85354
UCHmk8iNJHvf5mGN6_pkPc7g,LKfCLIO7-vs,EMIWAY LAUNCHES BANTAI RECORDS (Link in the discription),2021-03-21,1843891,156060,2965
UCHmk8iNJHvf5mGN6_pkPc7g,O4YEtMj1B50,EMIWAY - GRIND (PROD. FLAMBOY) (OFFICIAL MUSIC VIDEO),2021-03-12,71109866,2254852,46275
UCHmk8iNJHvf5mGN6_pkPc7g,_BOnXBcz8LE,EMIWAY X LOKA - NO LOVE (PROD. AAKASH) (OFFICIAL MUSIC VIDEO),2021-02-28,13101244,720869,39327
UCHmk8iNJHvf5mGN6_pkPc7g,ifsiP3VhQg4,EMIWAY - WHAT CAN I DO (PROD. BY FLAMBOY) (OFFICIAL MUSIC VIDEO),2021-01-30,16109111,986859,57161
UCHmk8iNJHvf5mGN6_pkPc7g,u0FBbQxAcN0,EMIWAY - ROYAL RUMBLE (PROD BY. BKAY) (OFFICIAL MUSIC VIDEO),2020-12-31,12459371,767797,46429
UCHmk8iNJHvf5mGN6_pkPc7g,KWy_kHQEQp8,EMIWAY X KARA MARNI - DON'T BE THE ONE (PROD. FLAMBOY) (OFFICIAL MUSIC VIDEO),2020-12-20,14069048,776805,34786
UCHmk8iNJHvf5mGN6_pkPc7g,4Aksl_6oEsA,EMIWAY - RING RING ft. MEME MACHINE (OFFICIAL MUSIC VIDEO),2020-11-29,47999982,1384486,51509
UCHmk8iNJHvf5mGN6_pkPc7g,nu2MOmczxwQ,EMIWAY - KHATAM HUE WAANDE (Prod.YOKI) (OFFICIAL MUSIC VIDEO),2020-11-12,169062074,3215521,105382
UCHmk8iNJHvf5mGN6_pkPc7g,UfDjcy7TTJU,EMIWAY - KHONA HAI (Prod. MEME MACHINE) (OFFICIAL MUSIC VIDEO),2020-11-01,7891602,505398,36946
UCHmk8iNJHvf5mGN6_pkPc7g,L2DtaHSbrng,EMIWAY - KHONA HAI (OFFICIAL TEASER),2020-10-31,1247453,137843,9554
UCHmk8iNJHvf5mGN6_pkPc7g,j4ZryKB2GjQ,EMIWAY - 100 KADAM PE  (Prod. by Pendo46) (Official Music Video),2020-10-23,9213242,609287,41829
UCHmk8iNJHvf5mGN6_pkPc7g,LEM4nFppqBc,EMIWAY - BANTAI (DHUNDKE DIKHA EP) (PROD BY BASS MUTANT) (OFFICIAL MUSIC VIDEO),2020-10-18,6886524,543672,36578
UCHmk8iNJHvf5mGN6_pkPc7g,lXgljvadBUE,EMIWAY - AS-SALAAM WALEKUM (PROD.FLAMBOY) (OFFICIAL MUSIC VIDEO),2020-09-20,6664954,541866,47691
UCHmk8iNJHvf5mGN6_pkPc7g,EphBvbrTb2I,EMIWAY - LADKA ALAG SA (PROD.FLAMBOY) (OFFICIAL MUSIC VIDEO),2020-09-13,9990311,665891,46884
UCHmk8iNJHvf5mGN6_pkPc7g,EbOerLGOdoA,EMIWAY - THANKS TO GOD (Prod. by Pendo46) (Official Music Video),2020-08-30,10040491,791990,49148
UCHmk8iNJHvf5mGN6_pkPc7g,DQNuHC-qlVY,EMIWAY X NANA ROGUES - CHARGE (OFFICIAL MUSIC VIDEO),2020-08-14,5149976,424429,22277
UCHmk8iNJHvf5mGN6_pkPc7g,-eOg0QqWX2A,EMIWAY X PRZNT - LONELY (PROD BY VODLI) (OFFICIAL MUSIC VIDEO),2020-08-02,7827755,491773,20136
UCHmk8iNJHvf5mGN6_pkPc7g,AkNsPgdOzhE,Emiway Receives Youtube Diamond Creator Award,2020-07-30,2017704,228123,9928
UCHmk8iNJHvf5mGN6_pkPc7g,FzDUBU6yXTI,EMIWAY - KAUN HAI YE (Prod. by Pendo46) (Official Music Video),2020-07-19,12952866,861198,48659
UCHmk8iNJHvf5mGN6_pkPc7g,9ZExHfTExCU,EMIWAY - ROUND ONE (OFFICIAL MUSIC VIDEO),2020-06-24,11564080,745823,47098
UCHmk8iNJHvf5mGN6_pkPc7g,Tr2VsMMnSxA,Emiway ft. Macklemore - Firse Machayenge Remix (Prod by Tony James) (Official Music Video),2020-06-09,10630940,679800,26335
UCHmk8iNJHvf5mGN6_pkPc7g,RzqbSTYMBk8,EMIWAY - AB PUCH (OFFICIAL MUSIC VIDEO) (6LACK & T-Pain - One Way Instrumental),2020-06-04,3722655,309582,13075
UCHmk8iNJHvf5mGN6_pkPc7g,DH8PURFVW3o,Emiway X Lexz Pryde X Snoop Dogg - NEW WORLD Remix (Prod by Kiran Bengal and Nick Price),2020-05-22,4316939,379401,21519
UCHmk8iNJHvf5mGN6_pkPc7g,tk5PFpQftfg,EMIWAY - FEEL (OUTRO) (DHUNDKE DIKHA EP) (PROD BY RYINI BEATS),2020-05-11,1574057,114601,4196
UCHmk8iNJHvf5mGN6_pkPc7g,bbHZ9A5Krb8,EMIWAY - BANTAI (DHUNDKE DIKHA EP) (PROD BY BASS MUTANT),2020-05-11,2495269,205067,8750
UCHmk8iNJHvf5mGN6_pkPc7g,hGKNmx5UDjc,EMIWAY - GRIND (DHUNDKE DIKHA EP) (PROD BY FLAMBOY),2020-05-10,4012592,256693,10250
UCHmk8iNJHvf5mGN6_pkPc7g,RAiMDxJ4xVs,EMIWAY - MISS TUJHE (DHUNDKE DIKHA EP) (PROD BY HIPPY JACK),2020-05-09,4855968,328215,15075
UCHmk8iNJHvf5mGN6_pkPc7g,XLfYpUaRJB8,EMIWAY - BILLAL (INTRO) (DHUNDKE DIKHA EP) (PROD BY ROBERT TAR),2020-05-08,1840116,170945,7350
UCHmk8iNJHvf5mGN6_pkPc7g,Ph30bNfE3K0,EMIWAY - DHUNDKE DIKHA (DHUNDKE DIKHA EP) (PROD BY ROBERT TAR),2020-05-08,3624841,296890,14341
UCHmk8iNJHvf5mGN6_pkPc7g,ucCEAkILqvg,EMIWAY - GULLY KA KUTTA (Prod by FLAMBOY) (OFFICIAL MUSIC VIDEO) (EXPLICIT),2020-04-24,16911328,857396,149113
UCHmk8iNJHvf5mGN6_pkPc7g,9-YmtwUfoVU,EMIWAY - HARD (PROD.HIPPY JACK) (OFFICIAL MUSIC VIDEO),2020-04-15,8403263,563028,44273
UCHmk8iNJHvf5mGN6_pkPc7g,cHJhWrHotAE,EMIWAY - SUPERHIT (OFFICIAL MUSIC VIDEO),2020-04-09,8428525,594981,34978
UCHmk8iNJHvf5mGN6_pkPc7g,Q7BQiibx7eE,EMIWAY - KHATAM KARONA (Prod by PSYIK),2020-03-31,11184735,847379,44375
UCHmk8iNJHvf5mGN6_pkPc7g,q1AeHzIIqEA,EMIWAY - ASLI NAKLI (MEIN EP 2017) (OFFICIAL ONE TAKE MUSIC VIDEO),2020-03-26,4288620,419062,20950
UCHmk8iNJHvf5mGN6_pkPc7g,2SUMKJky9EI,EMIWAY - BATISTA BOMB (OFFICIAL MUSIC VIDEO 2020),2020-03-19,9613171,568550,40561
UCHmk8iNJHvf5mGN6_pkPc7g,zQl9k0wHaOA,EMIWAY - MAALIK (PROD.FLAMBOY) (OFFICIAL ONE TAKE MUSIC VIDEO),2020-03-09,9731533,629332,31824
UCHmk8iNJHvf5mGN6_pkPc7g,zaCbuB3w0kg,EMIWAY - FIRSE MACHAYENGE (OFFICIAL MUSIC VIDEO),2020-02-14,450195288,6237176,167701
UCHmk8iNJHvf5mGN6_pkPc7g,vyXfwK7YjAc,EMIWAY X THEMXXNLIGHT - NIGHT RIDER (OFFICIAL MUSIC VIDEO),2020-02-02,6306064,416771,17842
UCHmk8iNJHvf5mGN6_pkPc7g,Ctkq2j9-Zpg,EMIWAY - THE STORY BEHIND MACHAYENGE,2020-01-25,8083423,470191,8581
UCHmk8iNJHvf5mGN6_pkPc7g,WenNqEzLdGw,EMIWAY - BHAROSA (OFFICIAL MUSIC VIDEO),2020-01-18,7315509,447144,18995
UCHmk8iNJHvf5mGN6_pkPc7g,6co7NskNU9M,EMIWAY - DHUA DHUA (OFFICIAL MUSIC VIDEO),2019-12-25,22558899,768446,38604
UCHmk8iNJHvf5mGN6_pkPc7g,VJbtVwGCFuk,EMIWAY - PAGAL SA RAPPER (OFFICIAL MUSIC VIDEO),2019-11-24,24765245,976062,51451
UCHmk8iNJHvf5mGN6_pkPc7g,Y43EutnQKCQ,EMIWAY- THE MIND BEHIND (OFFICIAL SHORT DOCUMENTARY),2019-11-13,10624752,561968,17440
UCHmk8iNJHvf5mGN6_pkPc7g,zHg853Lq9V0,EMIWAY - NO BRANDS #4 (NO BRANDS EP) ONE TAKE OFFICIAL MUSIC VIDEO.,2019-11-01,15545209,652508,28929
UCHmk8iNJHvf5mGN6_pkPc7g,cjG8pUV9uKk,EMIWAY - SAB KUCH NEW #3(NO BRANDS EP) OFFICIAL MUSIC VIDEO.,2019-10-25,12905937,555806,23957
UCHmk8iNJHvf5mGN6_pkPc7g,x3rj28xNy5U,EMIWAY - ZARURATICH NAI HAI #2 (NO BRANDS EP) OFFICIAL MUSIC VIDEO.,2019-10-18,44191993,1366500,45044
UCHmk8iNJHvf5mGN6_pkPc7g,33529U9q_Cw,EMIWAY - CHECKMATE #1 (NO BRANDS EP) OFFICIAL MUSIC VIDEO.,2019-10-11,26672126,876351,58075
UCHmk8iNJHvf5mGN6_pkPc7g,WZUAqOOG16Y,LEAN ON - BTS EMIWAY BANTAI & CELINA SHARMA,2019-09-27,6187693,435651,13472
UCHmk8iNJHvf5mGN6_pkPc7g,wrJ7LbSdk3Y,EMIWAY - SEEDHA TAKEOVER (Prod.Flamboy),2019-09-08,9712443,498912,46354
UCHmk8iNJHvf5mGN6_pkPc7g,N_GfKI3wFoA,EMIWAY - BAJO (OFFICIAL MUSIC VIDEO),2019-08-25,13190859,611882,33763
UCHmk8iNJHvf5mGN6_pkPc7g,RWGUyN50t4M,EMIWAY X DAX - I BEEN THAT (OFFICIAL MUSIC VIDEO),2019-08-09,14266255,805727,38787
UCHmk8iNJHvf5mGN6_pkPc7g,-IR7HRWJdm4,EMIWAY - JALLAD (OFFICIAL MUSIC VIDEO),2019-07-07,42042317,1199781,47021
UCHmk8iNJHvf5mGN6_pkPc7g,HhRlOMJaVxE,EMIWAY - Freeverse Feast (Daawat) Prod.Jacko Beats {Explicit},2019-06-05,31479068,1156650,78728
UCHmk8iNJHvf5mGN6_pkPc7g,giyWYkJVvIU,EMIWAY - SKRRT KARENGE ft. MEME MACHINE,2019-04-28,30741429,948263,44523
UCHmk8iNJHvf5mGN6_pkPc7g,EgJErGHNWK0,EMIWAY-DayToday:Mumbai Holi blazed,2019-03-30,2108248,114331,3522
UCHmk8iNJHvf5mGN6_pkPc7g,5vo6JiWQi8Y,EMIWAY X KRAYTWINZ - DHYAN DE,2019-03-09,32612843,981709,74318
UCHmk8iNJHvf5mGN6_pkPc7g,7tNPxY_ntEA,EMIWAY- MACHAYENGE  (PROD BY.TONY JAMES),2019-01-25,214044837,3721695,136370
UCHmk8iNJHvf5mGN6_pkPc7g,ibffyEBuju8,EMIWAY-JUMP KAR (Prod by.Flamboy),2018-12-22,59714923,1150786,52274
UCHmk8iNJHvf5mGN6_pkPc7g,F6hwZsGQgE0,EMIWAY - TRIBUTE TO EMINEM (OFFICIAL),2018-12-01,52276738,1572556,70527
UCHmk8iNJHvf5mGN6_pkPc7g,yy2UOE4Ab2Q,BOHT HARD - EMIWAY X THORATT,2018-11-12,62675026,1379200,51957
UCHmk8iNJHvf5mGN6_pkPc7g,h5CDTBef5bA,EMIWAY LIVE SESSION 2018,2018-11-09,2704467,146741,14615
UCHmk8iNJHvf5mGN6_pkPc7g,1iinjrFu2T0,EMIWAY BANTAI-KHATAM (OFFICIAL MUSIC VIDEO),2018-11-04,130528587,3130266,138001
UCHmk8iNJHvf5mGN6_pkPc7g,aBvj7W9SX4M,EMIWAY BANTAI-GIRAFTAAR (OFFICIAL MUSIC VIDEO),2018-10-31,115083887,2375333,135693
UCHmk8iNJHvf5mGN6_pkPc7g,ZTZkwKzd7l0,EMIWAY-SAMAJH MEIN AAYA KYA? (OFFICIAL MUSIC VIDEO),2018-10-13,131085084,2926783,131436
UCHmk8iNJHvf5mGN6_pkPc7g,1eU7FoXh364,EMIWAY- OUT OF SAMPARK (OFFICIAL MUSIC VIDEO),2018-09-10,72939751,1484723,35204
UCHmk8iNJHvf5mGN6_pkPc7g,1OoPdddex4o,EMIWAY-OUT OF SAMPARK (TEASER),2018-09-07,365205,12793,589
UCHmk8iNJHvf5mGN6_pkPc7g,mXN3V4vnTKo,Emiway - CartonLeAao Classroom Banao - An initiative by Tetra Pak,2018-07-30,747313,40839,1041
UCHmk8iNJHvf5mGN6_pkPc7g,qcoLCzhLZsI,EMIWAY-KADAK BAN (OFFICIAL MUSIC VIDEO),2018-07-27,46557551,1020141,18493
UCHmk8iNJHvf5mGN6_pkPc7g,O6DYjxONsPg,EMIWAY-KADAK  BAN (TEASER),2018-07-23,273013,8047,492
UCHmk8iNJHvf5mGN6_pkPc7g,u3EIf63B0n8,SSR - GHULAM BAN (official music video),2018-07-20,460166,19431,716
UCHmk8iNJHvf5mGN6_pkPc7g,GZsKVuQvKdk,MINTA - VIBE (official music video),2018-07-15,382446,17053,1064
UCHmk8iNJHvf5mGN6_pkPc7g,lJ5w2ht7KzI,EMIWAY-KAUN HU MEIN (OFFICIAL VIDEO),2018-06-29,8490064,282713,10710
UCHmk8iNJHvf5mGN6_pkPc7g,-gbXMPaf_hg,EMIWAY-KAUN HU MEIN (TEASER),2018-06-27,491201,16410,914
UCHmk8iNJHvf5mGN6_pkPc7g,L5VHdMMwQwo,EMIWAY-SADAK  REMIX BY TONY JAMES,2018-06-17,2094926,69177,2056
UCHmk8iNJHvf5mGN6_pkPc7g,Z3tmLSjG3Xc,BANTAI THE STUDIO,2018-06-08,236064,9778,311
UCHmk8iNJHvf5mGN6_pkPc7g,1wlYOJW5Wyc,EMIWAY-LIVE PERFORMANCE  AT HABITAT,2018-06-05,574827,18861,610
UCHmk8iNJHvf5mGN6_pkPc7g,rB0oNdl4gQI,JOSH ABOUT EMIWAYâ€™S JOURNEY,2018-05-15,620583,55325,1742
UCHmk8iNJHvf5mGN6_pkPc7g,m-DqupU3pEo,EMIWAY - MAZAK HAI KYA ? (Prod.Robert Tar),2018-04-26,19585317,529005,15430
UCHmk8iNJHvf5mGN6_pkPc7g,E6_JPoOA5PE,EMIWAY-MAZAK HAI KYA? (TEASER),2018-04-24,214761,8077,355
UCHmk8iNJHvf5mGN6_pkPc7g,Ne_vDuqv_Pw,EMIWAY - #NORAPE (Justice for Asifa and Every Victim).,2018-04-17,4653039,292466,9870
UCHmk8iNJHvf5mGN6_pkPc7g,J_tH7UPMEY4,EMIWAY X MUHFAAD | ABE CHODNA,2018-03-30,3800800,127005,5204
UCHmk8iNJHvf5mGN6_pkPc7g,1TwfmXDrmjM,MINTA | HOT NI99A MIX MARATHI | EM 24/7 |,2018-03-20,353858,17645,956
UCHmk8iNJHvf5mGN6_pkPc7g,rad228j5E1I,EBU HATELA | EMIWAY ft.MEME MACHINE | BLUESANOVA,2018-02-23,2695378,81266,2691
UCHmk8iNJHvf5mGN6_pkPc7g,rVCS7fSGE3U,(BBC) Charlie Sloth Dropin Bomb on #SADAK-Emiway.,2018-01-30,290220,11107,368
UCHmk8iNJHvf5mGN6_pkPc7g,OqO2fu-NjnU,EMIWAY-MERA BHAI MERA BHAI,2018-01-26,51928908,934670,20265
UCHmk8iNJHvf5mGN6_pkPc7g,FpBwHTyT45w,EMIWAY- #2018 KHATAM EP TEASER,2018-01-12,1278099,43837,2556
UCHmk8iNJHvf5mGN6_pkPc7g,mbxN-Vf_qpQ,EMIWAY BANTAI AND RAFTAAR KILLING #SADAK,2017-11-27,527410,19589,820
UCHmk8iNJHvf5mGN6_pkPc7g,9h58O6FPd-k,Emiway- #Sadak comment Review.,2017-11-23,198682,11328,621
UCHmk8iNJHvf5mGN6_pkPc7g,-IC7qtfhFSw,EMIWAY- #SADAK (OFFICIAL MUSIC VIDEO) | RAFTAAR | PSYIK.,2017-11-12,27388903,545746,18284
UCHmk8iNJHvf5mGN6_pkPc7g,1DfrtJhxEKY,EMIWAY BANTAI KA SILVER PLAY BUTTON AAGAYA,2017-10-20,1687726,135010,4319
UCHmk8iNJHvf5mGN6_pkPc7g,r74xOQo3mPM,MINTA-PUNARJANMA (REBIRTH),2017-10-10,184633,8098,418
UCHmk8iNJHvf5mGN6_pkPc7g,c7CiSXymNYI,EMIWAY-DYNAMITE (OFFICIAL MUSIC VIDEO),2017-08-28,8248894,239143,4416
UCHmk8iNJHvf5mGN6_pkPc7g,oO-4qe1A81A,EMIWAY-DYNAMITE (TEASER),2017-08-06,101051,2963,160
UCHmk8iNJHvf5mGN6_pkPc7g,Va80X4nz9EQ,EMIWAY-JHAND HAI (OFFICIAL MUSIC VIDEO),2017-07-20,5176784,198727,4280
UCHmk8iNJHvf5mGN6_pkPc7g,QKggoBEBIl8,EMIWAY - JHAND HAI | MOTION POSTER BY BLACK ACID PRODUCTION,2017-07-18,115339,2564,57
UCHmk8iNJHvf5mGN6_pkPc7g,3gV3R3b_ou4,EMIWAY-ABBU (HAPPY FATHER'S DAY),2017-06-17,5247622,252146,8319
UCHmk8iNJHvf5mGN6_pkPc7g,jEwmbV3_ufs,EMIWAY-FREESTYLE JUMMAH (EPISODE 2) FT.REASON & SHUBHAM JADHAV,2017-06-16,111439,4748,157
UCHmk8iNJHvf5mGN6_pkPc7g,BJuJexrxOXE,EMIWAY-FREESTYLE JUMMAH (FREESTYLE) #SADAK,2017-06-09,128924,7361,335
UCHmk8iNJHvf5mGN6_pkPc7g,1UuziOIpWWw,EMIWAY-FREESTYLE JUMMAH (TEASER),2017-06-08,78947,2258,72
UCHmk8iNJHvf5mGN6_pkPc7g,4ZhQDOe_6CY,EMIWAY-JHAND HAI (TEASER),2017-06-02,110414,3616,144
UCHmk8iNJHvf5mGN6_pkPc7g,5xx3N876qYE,EMIWAY-MEIN (EP)|ALL TRACKS,2017-05-19,169672,7450,436
UCHmk8iNJHvf5mGN6_pkPc7g,TqWYLdtLvIk,EMIWAY-MEIN (OFFICIAL MUSIC VIDEO),2017-05-19,20979038,688538,13830
UCHmk8iNJHvf5mGN6_pkPc7g,JTD1kU-Fc4o,EMIWAY-MEIN (OFFICIAL TEASER),2017-05-07,107847,3244,114
UCHmk8iNJHvf5mGN6_pkPc7g,XK6ctJ_Ie6E,19th april Pune HRC live,2017-04-11,103703,3625,84
UCHmk8iNJHvf5mGN6_pkPc7g,_CKETIzvYtM,EM 24/7 presents Music workshop,2017-04-05,72252,2215,87
UCHmk8iNJHvf5mGN6_pkPc7g,ywaYd-g0IIg,EMIWAY-KALA DHAN (DEMONETISATION),2017-04-01,873928,38992,1126
UCHmk8iNJHvf5mGN6_pkPc7g,CbNojmGFwiI,EMIWAY-VALENTINE'S DAY SPECIAL,2017-02-14,197423,7392,184
UCHmk8iNJHvf5mGN6_pkPc7g,hU-YJKzX89I,EMIWAY ft. RADNYI TYAGRAJ- BHOLENATH KA BIRTHDAY (OFFICIAL MUSIC VIDEO) 4K,2017-02-12,10540008,219783,5486
UCHmk8iNJHvf5mGN6_pkPc7g,8owmWKINbFM,BHOLENATH KA BIRTHDAY (PROMOTION VIDEO),2017-02-10,132183,6815,168
UCHmk8iNJHvf5mGN6_pkPc7g,KLyVuN1DxJA,EMIWAY-NAUGHTY BOY (ONE TAKE VIDEO),2016-11-21,3574804,91201,1991
UCHmk8iNJHvf5mGN6_pkPc7g,LE2Xf3R_eGI,Emiway live event update,2016-11-03,628306,52494,501
UCHmk8iNJHvf5mGN6_pkPc7g,A5bh3aoP00c,EMIWAY-Live Performance,2016-11-03,182191,6191,150
UCHmk8iNJHvf5mGN6_pkPc7g,tRXUKe2I2Ls,EMIWAY-FUN DEKHO (Official Music Video),2016-10-14,2613586,87911,2378
UCHmk8iNJHvf5mGN6_pkPc7g,TjmoF19lol4,EMIWAY- FUN DEKHO (PROMO),2016-10-03,88104,2127,70
UCHmk8iNJHvf5mGN6_pkPc7g,hDcOpQcqmuE,Emiway-Tadak Padak (Official Music Video),2016-08-28,4670740,121240,2907
UCHmk8iNJHvf5mGN6_pkPc7g,VQPL5EBLtJQ,TADAK PADAK (IEN NEWS PROMOTION),2016-08-27,236772,9822,120
UCHmk8iNJHvf5mGN6_pkPc7g,G1Zbn03nHjc,EMIWAY-TADAK PADAK (TIME LAPSE POSTER) By Pratik Yadav ART,2016-07-11,2478986,32437,618
UCHmk8iNJHvf5mGN6_pkPc7g,5pDXISRe2Lo,EMIWAY-(AISA KUCH SHOT NAI HAI) (400037) (FULL MUSIC VIDEO),2016-05-27,17887360,427470,10877
UCHmk8iNJHvf5mGN6_pkPc7g,2jS-W_J14B0,EMIWAY-AISA KUCH SHOT NAI HAI  (PROMO),2016-05-14,116660,2911,82
UCHmk8iNJHvf5mGN6_pkPc7g,AxtpiZ9Rd84,EMIWAY-KEEMA (Official Music Video) [4K Quality 2160p],2016-03-19,4896549,133334,2788
UCHmk8iNJHvf5mGN6_pkPc7g,2iV6kLItkVA,EMIWAY - SOCH (OFFICIAL VIDEO),2015-12-31,5253530,169240,4583
UCHmk8iNJHvf5mGN6_pkPc7g,eBB6eBdxpXA,EMIWAY-SOCH (PROMO II),2015-12-24,89863,2366,92
UCHmk8iNJHvf5mGN6_pkPc7g,EC-Iz-PWeCE,EMIWAY - CHATRANG (Official Music Video),2015-11-03,1274110,42046,1334
UCHmk8iNJHvf5mGN6_pkPc7g,czs4J_Yk5sM,GANDA FLOW - EMIWAY - Official Music Video,2015-10-24,742630,27909,691
UCHmk8iNJHvf5mGN6_pkPc7g,VbOh5f8YIFY,EMIWAY (Ft.Gagan) - Mera Naam Bantai - (Official Music Video),2015-09-10,4935209,92854,1698
UCHmk8iNJHvf5mGN6_pkPc7g,739WAWotC00,EMIWAY (Ft.Gagan) - Mera Naam Bantai - PROMO,2015-09-08,164371,2684,30
UCHmk8iNJHvf5mGN6_pkPc7g,7uwWLf51lLc,EMIWAY ft.V BREAK-BHINGRI SONG (OFFICIAL VIDEO).,2015-06-24,1975673,59187,1307
UCHmk8iNJHvf5mGN6_pkPc7g,lEjS3HJwtSE,EMIWAY-BHINGRI SONG (OFFICIAL TEASER & UNCUT),2015-06-20,162249,3350,40
UCHmk8iNJHvf5mGN6_pkPc7g,z9l9JLUxJyo,''MAA''-EMIWAY (Soul/Rap) (Mother's Day Special),2015-05-10,779310,27266,1032
UCHmk8iNJHvf5mGN6_pkPc7g,zmHBBedswhY,MAAL WALI AUNTY || EMIWAY BANTAI,2015-04-19,13023294,92900,4032
UCHmk8iNJHvf5mGN6_pkPc7g,gD3jHwpJpFc,EMIWAY  - MAAL WALI AUNTY (PROMO),2015-04-08,523083,6658,160
UCHmk8iNJHvf5mGN6_pkPc7g,BeANRcyA1yI,EMIWAY - NA MAINE JAANA [OFFICIAL MUSIC VIDEO],2015-03-07,4806422,97313,2641
UCHmk8iNJHvf5mGN6_pkPc7g,grNmu92GPRc,EM 24/7 - Street artist  Mr.NAVNATH Ji,2015-03-04,1158606,121841,1518
UCHmk8iNJHvf5mGN6_pkPc7g,T-sKQCVRx2Q,EMIWAY - NA MAINE JANA (PROMO),2015-02-22,130930,4462,76
UCHmk8iNJHvf5mGN6_pkPc7g,1d7gmXmKr3A,GOOGLY-EMIWAY N FREZZ (TRIBUTE SONY MIX),2015-01-13,494769,14374,263
UCHmk8iNJHvf5mGN6_pkPc7g,qayz8UOElm4,THE MUMBAI SONG TEASER Ft.(EM 24/7/DOPEADELICZ/RD/MAWALI),2015-01-04,572149,10282,88
UCHmk8iNJHvf5mGN6_pkPc7g,WmGKrkjH2FM,FREE VERSE 2o14-EM 24/7 & DOPEADELICZ,2014-12-30,3315090,98119,2684
UCHmk8iNJHvf5mGN6_pkPc7g,T7X8vUKfJhM,FREEVERSE 2o14(TEASER) - EM24/7 AND DOPEADELICZ  (HIP HOP),2014-12-17,115951,2485,43
UCHmk8iNJHvf5mGN6_pkPc7g,ckOMe1YsG_4,EMIWAY - LIVE PERFORMANCES,2014-12-16,743224,34202,631
UCHmk8iNJHvf5mGN6_pkPc7g,qH0Z9Ilnf88,AUR BANTAI RETURNS (HATELI KHOPDI)-EMIWAY (FULL OFFICIAL VIDEO),2014-12-03,13635005,217392,5108
UCHmk8iNJHvf5mGN6_pkPc7g,NBo-kLcibUs,AUR BANTAI RETURNS-(HATELI KHOPDI) EMIWAY (TRAILER),2014-11-29,268213,4896,57
UCHmk8iNJHvf5mGN6_pkPc7g,gFnhGqKpVRg,EMIWAY N FREZZ-SOONN (HIP HOP),2014-09-24,1722665,55553,1273
UCHmk8iNJHvf5mGN6_pkPc7g,pv_VrsWTAvc,EMIWAY- CHOTI CHOTI,2014-07-10,1017105,25009,1834
UCHmk8iNJHvf5mGN6_pkPc7g,h5Sh-oYLUEs,EMIWAY-BEWAFA HO DAFA  (EM24/7),2014-04-11,2352277,58142,1919
UCHmk8iNJHvf5mGN6_pkPc7g,ur8TPOSFvbA,MINTA (EM 24/7)-ANTOPHILL 400037.,2014-03-27,648503,18039,554
UCHmk8iNJHvf5mGN6_pkPc7g,-Uomyhd9XEA,EMIWAY-AUR BANTAI (EM 24/7) (FULL HD),2014-03-06,10885219,392443,12702
UCHmk8iNJHvf5mGN6_pkPc7g,7InTIDKFAE4,EMIWAY- AUR BANTAI (PROMO),2014-03-03,619397,18906,222
UCHmk8iNJHvf5mGN6_pkPc7g,K4Nrlg4pcJ8,EMIWAY AND MINTA (EM 24/7)- F.O.U.R SQUARE (MULTI LANG) FOR OUR ULTIMATE REGION.,2014-01-31,671353,23079,612
UCHmk8iNJHvf5mGN6_pkPc7g,lKRzYF0tDsY,EMIWAY BANTAI  Ft.MONU BID - YEH MERI ZINDAGI (ENG/HINDI) RAP,2013-11-22,251350,9398,248
UCHmk8iNJHvf5mGN6_pkPc7g,Be0YZMP27UY,EMIWAY BANTAI FT.MINTA N DAMSY-TAP ON THE FLOOR,2013-09-08,330848,11509,539
UCHmk8iNJHvf5mGN6_pkPc7g,y-J4LZEz_EM,EMIWAY BANTAI Ft. MINTA-GLINT LOCK ENG/HINDI RAP,2013-05-24,1101877,59724,3480
UCMXMp3Lc6v6v8dJH5ZGwtqA,B2eXqUnjstw,RAFTAAR - RATATA (PUBG: NEW STATE) | Official Music Video,2022-01-01,917508,110208,5680
UCMXMp3Lc6v6v8dJH5ZGwtqA,0bD4crnqA0U,GOAT DEKHO LIVE STREAM,2021-11-30,178431,22837,951
UCMXMp3Lc6v6v8dJH5ZGwtqA,X8Uf3hu0hWY,RAFTAAR - GOAT DEKHO | BAR'ISH EP | Official Music Video,2021-11-30,5486448,248634,17650
UCMXMp3Lc6v6v8dJH5ZGwtqA,aUgnObd29Hg,RAFTAAR - GOAT DEKHO | BAR'ISH EP (TEASER),2021-11-26,323823,37239,2793
UCMXMp3Lc6v6v8dJH5ZGwtqA,AKYH07A3kUw,Gaan aagaya matlab mera kaam khatam aur ab tumhara kaam shuru,2021-11-11,92435,9687,118
UCMXMp3Lc6v6v8dJH5ZGwtqA,i_5kIYKZaYk,Raftaar live - Black Sheep,2021-02-05,607385,46635,2015
UCMXMp3Lc6v6v8dJH5ZGwtqA,QCxXJMhQNZQ,RAFTAAR - BLACK SHEEP | BAR'ISH EP | Official Music Video,2021-02-05,5232162,198177,25534
UCMXMp3Lc6v6v8dJH5ZGwtqA,cyUS0OLqyQM,RAFTAAR Ft. SALIM MERCHANT & KARMA - Tu Phir Se Aana | BAR'ISH EP | Official Music Video,2020-12-08,5296224,231162,17060
UCMXMp3Lc6v6v8dJH5ZGwtqA,0UwqwzKhvMo,MICROPHONE CHECK BREAKDOWN | ROHAN CARIAPPA | RAFTAAR,2020-11-19,544149,40183,2914
UCMXMp3Lc6v6v8dJH5ZGwtqA,oWcDvdaLqSk,RAFTAAR - MICROPHONE CHECK | BAR'ISH EP | Official Music Video,2020-11-16,4038658,185266,24730
UCMXMp3Lc6v6v8dJH5ZGwtqA,gvMjNG5-Brk,NAIYYO (Teaser) || AKASA x Raftaar || Releasing on 24th June,2020-06-20,869815,40705,1473
UCMXMp3Lc6v6v8dJH5ZGwtqA,arrNjyAqNhM,"RAFTAAR x KR$NA Ft. Karan Wahi | Do Khilaadi, Problem Bhaari | Hotstar Specials Hundred | FULL VIDEO",2020-05-29,1356969,92604,3873
UCMXMp3Lc6v6v8dJH5ZGwtqA,SaH_8KoFOyQ,"RAFTAAR x KR$NA Ft. Karan Wahi | Do Khilaadi, Problem Bhaari | Hotstar Specials Hundred | TEASER",2020-05-28,320123,21338,795
UCMXMp3Lc6v6v8dJH5ZGwtqA,WklJsXi_vWI,AAGE CHAL (OFFICIAL VIDEO) - RAFTAAR | SAURABH LOKHANDE | !LLMIND | KALAMKAAR,2020-02-10,50184696,691317,41695
UCMXMp3Lc6v6v8dJH5ZGwtqA,SHHm60UdJyc,AAGE CHAL - RAFTAAR | TEASER #AageChal,2020-02-05,1083385,68227,2996
UCMXMp3Lc6v6v8dJH5ZGwtqA,6fHFnsDwFmI,RAFTAAR Live @ Crossblade 2019,2019-03-02,396510,30763,1758
UCMXMp3Lc6v6v8dJH5ZGwtqA,-D2lQRND9zQ,Ready For My Vyah (Shaadi Anthem) | Raftaar | Deep Kalsi | Akriti Kakar | Ft. Sonia Mann,2018-12-01,5022020,182740,8839
UCMXMp3Lc6v6v8dJH5ZGwtqA,piTGHypkQAE,Kya hota hai INDEPENDENT artist??,2018-11-05,5804498,399437,40379
UCMXMp3Lc6v6v8dJH5ZGwtqA,6hs0HUN83EU,AWEIN HAI | RAFTAAR ( YEH DISS GAANA HAI ),2018-11-03,20298290,654398,58430
UCMXMp3Lc6v6v8dJH5ZGwtqA,UctF08aLjSc,Breezer Vivid Shuffle- Shuffle Track 2.0 | Fejo | Raftaar | Varun Dhavan,2018-11-01,803735,47214,3387
UCMXMp3Lc6v6v8dJH5ZGwtqA,uykOHAhId0Q,SHEIKH CHILLI | RAFTAAR  ( YEH DISS GAANA NAHI HAI ),2018-10-27,124673362,2269798,127046
UCMXMp3Lc6v6v8dJH5ZGwtqA,PmSWLEYhN5M,Prepping for the Breezer Vivid Shuffle track with Varun Dhawan,2018-08-31,188012,8086,250
UCMXMp3Lc6v6v8dJH5ZGwtqA,Lnh4YUy31iI,Raftaar and Varun Dhawan Dance Breezer Vivid Shuffle,2018-08-09,1391985,55820,1199
UCMXMp3Lc6v6v8dJH5ZGwtqA,jxQREfVLuEk,Varun Dhawan and Raftaar are shuffling with Breezer Vivid Shuffle,2018-08-02,1102616,43465,881
UCMXMp3Lc6v6v8dJH5ZGwtqA,zMJCv5pC_nE,LETS CHANGE US | OMPRAKASH MISHRA | QUINT NEON | MEMES | US,2017-09-18,2375072,127458,8465
UCMXMp3Lc6v6v8dJH5ZGwtqA,FtQMiYhmFfA,Raftaar Superfan Meetup #ISuperLikeYou,2017-08-03,69439,3411,146
UCMXMp3Lc6v6v8dJH5ZGwtqA,fOHVg-Pjlrg,Tere Wargi Nai Ae | Behind The Scenes | AK Projekts | #ISuperLikeYou,2017-07-10,290867,6522,124
UCMXMp3Lc6v6v8dJH5ZGwtqA,4KZ7Aq_B_e4,Raftaar - Tere Wargi Nai Ae | AK Projekts | Adah Sharma #ISuperLikeYou,2017-06-20,44281007,546008,8046
UCMXMp3Lc6v6v8dJH5ZGwtqA,ZGF9c82tHx4,Baby Marwake Maanegi #BabyChallenge #DesiDanceHall,2017-05-11,452983,10676,218
UCMXMp3Lc6v6v8dJH5ZGwtqA,d7jGZ13TIrA,Aurat | Raftaar,2017-01-07,1392979,90902,2270
UCMXMp3Lc6v6v8dJH5ZGwtqA,fq-aj5R_W-4,Aadat | Raftaar | Shirley Setia | Jubin Nautiyal | Official Promotional Track for Passengers,2016-12-30,2410317,49851,399
UCMXMp3Lc6v6v8dJH5ZGwtqA,T84cIDXc36A,CHILL RAAMIX | RAFTAAR | RIP JB | DESI HIP HOP | 2016,2016-08-26,2925335,54892,3243
UCMXMp3Lc6v6v8dJH5ZGwtqA,w0MoLNKBk8g,Raftaar - Instagram Love Ft Kappie | #FunWithU,2016-06-01,10490234,116263,861
UCMXMp3Lc6v6v8dJH5ZGwtqA,4jzLYn46Yf4,Instagram Love - Teaser | Coming Soon | #FunWithU,2016-05-30,173189,1566,51
UCMXMp3Lc6v6v8dJH5ZGwtqA,mh54yBU9jvU,#FunWithU Ke liye Tyaar - Raftaar,2016-05-04,583819,5752,146
UCMXMp3Lc6v6v8dJH5ZGwtqA,0SvvHr4QAEk,Do Hazaar Solo | RAFTAAR | Intro for the awaited upcoming album ZERO TO INFINITY,2016-02-02,1970705,29111,133
UCMXMp3Lc6v6v8dJH5ZGwtqA,_EDCQ3NeCgU,Yeh Diwali Raftaar Wali | Domino's | Raftaar,2015-11-16,219450,4113,178
UCMXMp3Lc6v6v8dJH5ZGwtqA,33CjIDqzzYc,Dominos and Raftaar will surprise you this Diwali | Watch out for the door bell,2015-11-07,59236,1581,48
UCMXMp3Lc6v6v8dJH5ZGwtqA,hvI4F3Q8_6A,FU - (For You) | Full Lyrical Video | Raftaar | WTF MixTape | Vol 1,2014-12-17,802421,17137,1102
UCMXMp3Lc6v6v8dJH5ZGwtqA,OYyTWNdgHPE,Mother Nature - Global Warming | Raftaar,2014-08-25,764189,22789,1021
UCMXMp3Lc6v6v8dJH5ZGwtqA,6chlncyLzI0,1 Million + Views on Panasonic Mobile MTV Spoken Word Swag Mera Desi,2014-08-16,91673,3435,122
UCMXMp3Lc6v6v8dJH5ZGwtqA,yW63GZHF1wQ,Raftaar - Panasonic Mobile MTV Spoken Word presents Swag Mera Desi feat Manj Musik,2014-06-23,45207125,508048,16713
UCMXMp3Lc6v6v8dJH5ZGwtqA,tEd7e79UL-o,The Story behind Swag Mera Desi | Panasonic Mobile MTV Spoken Word | Raftaar | Manj Musik,2014-06-21,553351,8394,340
UCMXMp3Lc6v6v8dJH5ZGwtqA,9gaeiw96gZU,Raftaar with Olympics Ghusandbaaz Vijender Singh | Dhup Chik | Fugly,2014-05-14,128016,3599,76
UCMXMp3Lc6v6v8dJH5ZGwtqA,yEXEve72ifM,Thappad | Full Video | Raftaar | WTF Mixtape | Vol 1,2013-11-10,3644450,96052,4269
UCMXMp3Lc6v6v8dJH5ZGwtqA,zA-GPSTsBpA,Thappad | Teaser | Raftaar | WTF Mixtape | Vol 1,2013-10-15,75873,1941,85
UCMXMp3Lc6v6v8dJH5ZGwtqA,yQ3k-6p9DnA,You Dont Know Me | Raftaar | WTF MixTape | Vol 1,2013-08-09,912480,16919,781
UChDX4wagpTQS0aTm4eyhJaw,jEa1ErBHVMU,KR$NA - Na Hai Time | Official Music Video,2021-06-24,1387413,87942,34344
UChDX4wagpTQS0aTm4eyhJaw,lQy2e-aWTfY,KR$NA - Fall Off (Extended) | Official Music Video,2021-06-15,4606148,147511,45176
UChDX4wagpTQS0aTm4eyhJaw,9SE0Vf1WGdg,KR$NA - Khauf Hai | Official Music Video | (realme Music Studio Project),2021-03-24,980513,74758,15430
UChDX4wagpTQS0aTm4eyhJaw,o907r6NsK9s,KR$NA Ft. RAFTAAR  - Saza-E-Maut | Official Music Video | (Indian Drill),2021-03-19,8772142,247229,42617
UChDX4wagpTQS0aTm4eyhJaw,csqlhf8TAh8,KR$NA | The 'Still Here' Interview with Rohan Cariappa,2021-03-14,435073,43826,6164
UChDX4wagpTQS0aTm4eyhJaw,aexf8V5LDhc,KR$NA Ft. Karma & IKKA - Villain | Official Video,2021-02-19,6822677,218977,31818
UChDX4wagpTQS0aTm4eyhJaw,9E4AuXNprto,KR$NA ft. Badshah - Roll Up | Official Music Video,2021-01-29,15100001,324683,57835
UChDX4wagpTQS0aTm4eyhJaw,lud7CUSTbyY,KR$NA Ft. Rashmeet Kaur - Living Legend | Official Music Video,2020-12-17,4617933,141450,35683
UChDX4wagpTQS0aTm4eyhJaw,omY1XqIfius,KR$NA - The Key | Freestyle,2020-10-30,1960804,103250,18634
UChDX4wagpTQS0aTm4eyhJaw,o269WyY_FhI,KR$NA - Tere Buss Ki Na Hai,2017-05-24,606438,25289,2073
UChDX4wagpTQS0aTm4eyhJaw,go4QsxoPrMc,KR$NA -  Dekh Kaun Aaya Wapas,2017-03-22,1542663,70522,5574
UC99IVRmbb0vJZ1Vge2HtMHg,j4EhblntjfY,KALAMKAAR YEAR REWIND 2021,2021-12-31,133090,16771,867
UC99IVRmbb0vJZ1Vge2HtMHg,lkguFky9Cfc,BEST OF KALAMKAAR 2021,2021-12-28,61905,8228,831
UC99IVRmbb0vJZ1Vge2HtMHg,cIxourl6RBw,Yedechali | Mrunal Shankar | Deep Kalsi | Kalamkaar,2021-12-21,436907,22700,1851
UC99IVRmbb0vJZ1Vge2HtMHg,61weu2BZIwE,GhAatak - FULL AUDIO JUKEBOX | SINCE 1999 EP I KALAMKAAR,2021-12-10,36426,3270,285
UC99IVRmbb0vJZ1Vge2HtMHg,tqM9HBxvP0c,GhAatak - SCENE SORT (OFFICIAL VIDEO) I SINCE 1999 EP I KALAMKAAR,2021-12-09,101153,10703,628
UC99IVRmbb0vJZ1Vge2HtMHg,vN6zr1Sg7i0,Drunk Writing | Mrunal Shankar | Deep Kalsi | Kalamkaar,2021-12-07,458658,31130,2788
UC99IVRmbb0vJZ1Vge2HtMHg,rkP5NM3rhdw,GhAatak - REVOLVER (OFFICIAL VIDEO) I SINCE 1999 EP I KALAMKAAR,2021-12-03,65446,7787,563
UC99IVRmbb0vJZ1Vge2HtMHg,AXufxalEh7s,GhAatak - K.V WALA LAUNDA (OFFICIAL VIDEO) | SINCE 1999 EP I KALAMKAAR,2021-11-23,96455,10537,792
UC99IVRmbb0vJZ1Vge2HtMHg,E2fMD1wOnyU,KARMA - PRICE TAG (OFFICIAL VIDEO) | M.Y.P. | KALAMKAAR,2021-11-15,990998,50205,2350
UC99IVRmbb0vJZ1Vge2HtMHg,PejQbGZraqg,KR$NA - NO CAP (OFFICIAL VIDEO) | KALAMKAAR,2021-11-09,4959490,203804,59786
UC99IVRmbb0vJZ1Vge2HtMHg,LQqEl0QglyY,MY CITY (OFFICIAL VIDEO) - BRISHAV | KALAMKAAR,2021-10-19,420796,14784,1112
UC99IVRmbb0vJZ1Vge2HtMHg,wz7fnQMmABg,KR$NA - OG (Official Video) | Kalamkaar,2021-10-12,4377026,193585,45773
UC99IVRmbb0vJZ1Vge2HtMHg,fojN1Uop1OA,M.Y.P. - JUKEBOX | KARMA | IKKA | RAFTAAR | KR$NA | ENCORE ABJ | DEEP KALSI | KING | SHAH RULE,2021-10-09,240163,19983,1579
UC99IVRmbb0vJZ1Vge2HtMHg,LZbWYVlrlLo,Itâ€™s finally here. Karmaâ€™s debut album M.Y.P. is out now!!! ðŸ”¥,2021-10-08,48965,6064,145
UC99IVRmbb0vJZ1Vge2HtMHg,ydg1bZzXKws,BEAT DO (OFFICIAL VIDEO) - KARMA | PROD. BY DEEP KALSI | M.Y.P. | KALAMKAAR,2021-08-31,2166004,125552,7075
UC99IVRmbb0vJZ1Vge2HtMHg,cD-0GJgpaek,Listen to this ðŸ”¥ track â€˜Gangsterâ€™ by Karma & King | Prod. by Deep Kalsi: OUT NOW!!,2021-08-10,219415,16912,127
UC99IVRmbb0vJZ1Vge2HtMHg,Ouoob0OfzlA,GANGSTER (OFFICIAL VIDEO) - KARMA FEAT. KING | PROD. BY DEEP KALSI | M.Y.P. | KALAMKAAR,2021-08-10,9124763,314778,14544
UC99IVRmbb0vJZ1Vge2HtMHg,89YbQDvm_Ak,GANGSTER - KARMA FEAT. KING | PROD. BY DEEP KALSI | M.Y.P. | TEASER,2021-08-09,259427,25303,1236
UC99IVRmbb0vJZ1Vge2HtMHg,MDJNIHAOBZ0,ZARURI NAHI (OFFICIAL VIDEO) - KARMA FEAT. KR$NA | M.Y.P. | KALAMKAAR,2021-07-30,3745077,119292,27748
UC99IVRmbb0vJZ1Vge2HtMHg,3TSeS0RKRBI,TELL ME (OFFICIAL VIDEO) - BRISHAV | KALAMKAAR,2021-07-23,521552,15293,1290
UC99IVRmbb0vJZ1Vge2HtMHg,2tr6PWlCEqs,FATE (OFFICIAL VIDEO) - KARMA | M.Y.P. | KALAMKAAR,2021-07-16,3647260,73232,8219
UC99IVRmbb0vJZ1Vge2HtMHg,Nu9X8M0L5zw,FATE - KARMA | TEASER,2021-07-14,102285,13487,833
UC99IVRmbb0vJZ1Vge2HtMHg,k1p157Bkykw,"Check out the full music video for a little surprise: 

https://youtu.be/lQy2e-aWTfY",2021-06-15,83399,8573,303
UC99IVRmbb0vJZ1Vge2HtMHg,_qpDvGEZEgA,WOW (Lyrical Video) | BALI | MHBHH | KALAMKAAR,2021-04-28,183385,17082,670
UC99IVRmbb0vJZ1Vge2HtMHg,Nar-pKKqMBA,AISA KYA BOLA (Lyrical Video) | BALI | MHBHH | KALAMKAAR,2021-04-26,265399,23016,946
UC99IVRmbb0vJZ1Vge2HtMHg,6bqJqMUhdaM,ABE CHUP | BALI | KALAMKAAR | MHBHH EP,2021-04-23,598028,35264,1624
UC99IVRmbb0vJZ1Vge2HtMHg,-2GrtjcDGgE,MUNDE DESI | BRISHAV x DEEP KALSI x YUNAN | KALAMKAAR | NEW PUNJABI SONG,2021-04-13,777627,14987,1335
UC99IVRmbb0vJZ1Vge2HtMHg,F4RP6cl9Nic,BILLA | EMCEE HASNAIN FT. MAHARYA & FRISK | KALAMKAAR,2021-04-06,604580,16107,1237
UC99IVRmbb0vJZ1Vge2HtMHg,7QNzZB7Xn00,A must listen: INTRO(I.C.U.) by KARMA | OUT NOW:  https://youtu.be/PgLOwXbxCws,2021-04-04,69296,6236,218
UC99IVRmbb0vJZ1Vge2HtMHg,PgLOwXbxCws,INTRO (I.C.U.) | KARMA | M.Y.P. | KALAMKAAR,2021-04-03,1672268,81146,6567
UC99IVRmbb0vJZ1Vge2HtMHg,5tUn3-XrzbA,RUDE BOY | PUNEET KOHLI | KALAMKAAR,2021-03-30,456985,8069,865
UC99IVRmbb0vJZ1Vge2HtMHg,XsQew1vChPk,OHH YEAH | BALI | KALAMKAAR | MHBHH EP,2021-03-16,1322377,57366,2660
UC99IVRmbb0vJZ1Vge2HtMHg,VxiZRbstZuI,TILL I DIE | BRISHAV | KALAMKAAR,2021-03-02,558562,13086,943
UC99IVRmbb0vJZ1Vge2HtMHg,wEwm8Hzocx4,KATTEY | MRUNAL SHANKAR | KALAMKAAR,2021-02-23,1179117,49198,5175
UC99IVRmbb0vJZ1Vge2HtMHg,n7GAGN98yn4,HUTT HUTT | BALI | KALAMKAAR | MHBHH EP,2021-02-12,2516381,110128,5229
UC99IVRmbb0vJZ1Vge2HtMHg,6_j31Kzv9rk,BOHOT SAHI EP | FULL AUDIO JUKEBOX | J TRIX X SUBSPACE | KALAMKAAR,2021-02-02,79935,7916,507
UC99IVRmbb0vJZ1Vge2HtMHg,ktyex1BFOVw,HIGHER | J TRIX X SUBSPACE X SATYEN | KALAMKAAR,2021-01-23,114320,13049,754
UC99IVRmbb0vJZ1Vge2HtMHg,g9rd8iqQJbk,INSAAN BANN | J TRIX X SUBSPACE | KALAMKAAR,2021-01-22,166699,21592,1439
UC99IVRmbb0vJZ1Vge2HtMHg,H0LuXV4EtuY,MERE BHAI LOG | KARMA FT. ALI ARMAAN ZAINVI | KALAMKAAR,2021-01-19,1252456,71406,3854
UC99IVRmbb0vJZ1Vge2HtMHg,3JgduyjzCcg,TRAP GADDI | PUNEET KOHLI FT. SANT MASHARU & THEE EMENJAY | KALAMKAAR,2021-01-12,460095,15466,1070
UC99IVRmbb0vJZ1Vge2HtMHg,PiZ5psleKIQ,JO TU CHAHEGA (BELIEVE) - KARMA x RAFTAAR | KALAMKAAR,2020-12-31,2969811,97320,8241
UC99IVRmbb0vJZ1Vge2HtMHg,n89UlGvWbHs,BOHOT SAHI | J TRIX x KR$NA x SUBSPACE | KALAMKAAR,2020-12-29,2544578,97164,14247
UC99IVRmbb0vJZ1Vge2HtMHg,cccWSP8CuWg,RASHMEET KAUR at NH7 (Virtual Festival Recap),2020-12-16,60412,5608,457
UC99IVRmbb0vJZ1Vge2HtMHg,f8jWYEhlg0s,BRISHAV - MASEEHA (OFFICIAL MUSIC VIDEO) | KALAMKAAR,2020-12-15,705888,17664,1186
UC99IVRmbb0vJZ1Vge2HtMHg,7D4k24CDu1g,KALAMKAAR Showcase at NH7 (Virtual Festival Recap),2020-12-12,168473,20916,2858
UC99IVRmbb0vJZ1Vge2HtMHg,a2rZKpKOyg8,AGSY x DEEP KALSI - I Love You | Official Music Video,2020-11-24,988744,35281,2440
UC99IVRmbb0vJZ1Vge2HtMHg,aD4fQT-w6N8,RAFTAAR - MICROPHONE CHECK | BAR'ISH EP (TEASER),2020-11-15,231204,22503,960
UC99IVRmbb0vJZ1Vge2HtMHg,o55hT5Nke3E,FOTTY SEVEN - KAR LENGE ft KARMA & RAFTAAR | ASLI INDEPENDENT EP | KALAMKAAR,2020-11-14,1467546,73096,3817
UC99IVRmbb0vJZ1Vge2HtMHg,3pV97B-BW00,FOTTY SEVEN - ASOOL ft. TALWIINDER | ASLI INDEPENDENT EP | KALAMKAAR,2020-11-14,369063,26328,1196
UC99IVRmbb0vJZ1Vge2HtMHg,65lK_f2wgdI,FOTTY SEVEN - OHHHHHHH | ASLI INDEPENDENT EP | KALAMKAAR,2020-11-14,301081,26412,1039
UC99IVRmbb0vJZ1Vge2HtMHg,i_whG7S0lDc,FOTTY SEVEN - BAAP SE ft. KR$NA | ASLI INDEPENDENT EP | KALAMKAAR,2020-11-10,6748487,232220,19538
UC99IVRmbb0vJZ1Vge2HtMHg,fgBuoxXVq3M,"Mask On - Raftaar Ft. Karma, Rashmeet Kaur & Yunan | Official Music Video",2020-10-23,3145212,150037,11809
UC99IVRmbb0vJZ1Vge2HtMHg,EQjppK4XaWg,KARMA - I GET IT | KALAMKAAR,2020-10-20,1163738,80628,6491
UC99IVRmbb0vJZ1Vge2HtMHg,cfypDsJhJEc,KALAAKAAR | J TRIX x SUBSPACE | BOHOT SAHI EP | KALAMKAAR,2020-10-16,927444,58608,4302
UC99IVRmbb0vJZ1Vge2HtMHg,cFZotvoyWTQ,FOTTY SEVEN - HAATH TOH LAGA ft. REBEL 7 | ASLI INDEPENDENT EP | KALAMKAAR,2020-10-13,3413605,123958,6371
UC99IVRmbb0vJZ1Vge2HtMHg,bd4dd-xQulY,KARMA - M.Y.P. || Announcement || Kalamkaar,2020-10-12,336477,50503,2612
UC99IVRmbb0vJZ1Vge2HtMHg,21WOFa1EiAg,KARMA - SUCCESS | KALAMKAAR,2020-10-06,1944704,121673,8725
UC99IVRmbb0vJZ1Vge2HtMHg,RdLP3eQ__po,KR$NA X RAFTAAR - SAATH YA KHILAAF | KALAMKAAR,2020-09-29,6101516,294250,46012
UC99IVRmbb0vJZ1Vge2HtMHg,HMPxV1Vr3e8,FOTTY SEVEN - KAR DIYA | ASLI INDEPENDENT EP | KALAMKAAR,2020-09-22,2233728,124722,9744
UC99IVRmbb0vJZ1Vge2HtMHg,HkCBpzw41vA,KR$NA - SAY MY NAME | ENGLISH VERSION | KALAMKAAR,2020-09-15,1855943,115175,12774
UC99IVRmbb0vJZ1Vge2HtMHg,vRIJaQsJts8,KR$NA - SAY MY NAME | HINDI VERSION | KALAMKAAR,2020-09-15,6149050,236368,59685
UC99IVRmbb0vJZ1Vge2HtMHg,N5GDBE573P8,KHAAS HAI | J TRIX x SUBSPACE | BOHOT SAHI EP | KALAMKAAR,2020-09-08,1126977,64027,5755
UC99IVRmbb0vJZ1Vge2HtMHg,pWzyo1kND_k,JIGRI YAAR | DEEP KALSI FT BRISHAV | KALAMKAAR,2020-09-04,461228,22942,1503
UC99IVRmbb0vJZ1Vge2HtMHg,V1jTG5IBU5U,MASTER CHEF | BRISHAV FT DEEP KALSI | KALAMKAAR,2020-08-10,615375,26827,1758
UC99IVRmbb0vJZ1Vge2HtMHg,iBnZiB_PWZI,KARMA x RAFTAAR on the beat - BABA YAGA | KALAMKAAR,2020-07-24,3224528,134610,10109
UC99IVRmbb0vJZ1Vge2HtMHg,DWfwur92zdk,BRISHAV - SIMBA (OFFICIAL MUSIC VIDEO) | (WISDOM OF WOUNDS - EP) | KALAMKAAR,2020-07-17,564614,25936,1621
UC99IVRmbb0vJZ1Vge2HtMHg,ed9Ustk2g6w,KR$NA - NO LOSSES | KALAMKAAR,2020-07-10,3903526,142465,34298
UC99IVRmbb0vJZ1Vge2HtMHg,VQXHNIO1zxY,INTRO - KAUN HAI (OFFICIAL MUSIC VIDEO) | BRISHAV (WISDOM OF WOUNDS - EP) | KALAMKAAR,2020-07-06,193031,19522,1426
UC99IVRmbb0vJZ1Vge2HtMHg,CDbeB2-UCcQ,KR$NA - VYANJAN (Hindi Alphabetic Rap),2020-07-03,1382507,143377,12484
UC99IVRmbb0vJZ1Vge2HtMHg,aeH9QmaR7rs,"GALLAN (FULL VIDEO) | DEEP KALSI, FATEH, KR$NA, HARJAS, KARMA | (NO DAYS OFF - EP) | KALAMKAAR",2020-06-15,1540147,50560,3454
UC99IVRmbb0vJZ1Vge2HtMHg,4CEhe0aF9zs,Aana Ni Mai (Full Video) | Deep Kalsi Ft. Harjas | (NO DAYS OFF - EP) | Kalamkaar,2020-06-12,230375,17661,761
UC99IVRmbb0vJZ1Vge2HtMHg,a69IyaQqvAE,TAUBA TAUBA (FULL VIDEO) | DEEP KALSI FT. SIKANDER KAHLON (NO DAYS OFF - EP) | KALAMKAAR,2020-06-08,375631,18111,856
UC99IVRmbb0vJZ1Vge2HtMHg,Qlns2izlKNQ,KARMA | Video Compilation | Kalamkaar,2020-06-05,205800,15930,643
UC99IVRmbb0vJZ1Vge2HtMHg,ZarfTYi5rMU,WOOFER 2 (LYRICAL VIDEO) | DEEP KALSI Ft. KR$NA (NO DAYS OFF - EP) | KALAMKAAR,2020-06-01,777384,37759,2462
UC99IVRmbb0vJZ1Vge2HtMHg,iTHJLgv6NbY,KR$NA | Video Compilation,2020-05-28,444139,37001,3198
UC99IVRmbb0vJZ1Vge2HtMHg,a0ccKBqnIVE,GAME (FULL VIDEO) | DEEP KALSI Ft. KARMA (NO DAYS OFF - EP) | KALAMKAAR,2020-05-25,932168,38394,1980
UC99IVRmbb0vJZ1Vge2HtMHg,YYLNX6_hrOw,KHILONA (LYRICAL VIDEO) | HARJAS | DEEP KALSI | KALAMKAAR,2020-05-16,264844,21047,966
UC99IVRmbb0vJZ1Vge2HtMHg,li4wIghZZTw,NO DAYS OFF EP - DEEP KALSI | OFFICIAL MOTION POSTER | COMING SOON,2020-05-08,91420,5773,263
UC99IVRmbb0vJZ1Vge2HtMHg,REc-DB5WaF8,KR$NA - Window Shopper Freestyle,2020-05-05,838183,50971,5887
UC99IVRmbb0vJZ1Vge2HtMHg,gNZ0BXpwXsA,DIL TOOTA AASHIQ | FULL AUDIO JUKEBOX | HARJAS | KALAMKAAR,2020-04-30,207525,14098,980
UC99IVRmbb0vJZ1Vge2HtMHg,7ev0qa7n4UY,MAFIA (LYRICAL VIDEO) | HARJAS FT. RISHI ROY | ANKEE | KALAMKAAR,2020-04-28,694484,37698,2092
UC99IVRmbb0vJZ1Vge2HtMHg,Hcp2llRFU0g,TOOTA DIL (FULL VIDEO) | HARJAS | DEEP KALSI | KALAMKAAR,2020-04-23,1041915,42125,2999
UC99IVRmbb0vJZ1Vge2HtMHg,rOZz8g0ZgJs,L.O.C. (LINE OF CONTROL) | RAP DEMON & KARMA  | KALAMKAAR,2020-04-06,1687659,89142,5804
UC99IVRmbb0vJZ1Vge2HtMHg,cUfTYaVEnoA,KR$NA : MAKASAM | KALAMKAAR,2020-03-16,10208347,279157,62857
UC99IVRmbb0vJZ1Vge2HtMHg,nlKHfGL7Bzc,NEWCOMER  | KARMA | JUKEBOX | KALAMKAAR | Deep Kalsi,2020-03-12,309497,21192,1214
UC99IVRmbb0vJZ1Vge2HtMHg,92ltAWKDAJ4,KARMA : GODZILLA | DEEP KALSI |  KALAMKAAR,2020-03-08,2456607,104637,4951
UC99IVRmbb0vJZ1Vge2HtMHg,bKnhpPgooDE,BEST NAI | KARMA | DEEP KALSI | KALAMKAAR,2020-02-24,1338836,57125,3913
UC99IVRmbb0vJZ1Vge2HtMHg,FqAA9oWyap0,HARJAS  - CHUPARUSTAM ( FULL VIDEO ) | DEEP KALSI | KALAMKAAR,2020-02-13,881358,46199,5201
UC99IVRmbb0vJZ1Vge2HtMHg,OMQmykQA1Ss,DEEP KALSI FT. KR$NA x HARJAS x KARMA | SHER (FULL VIDEO),2020-02-04,1599438,76762,6351
UC99IVRmbb0vJZ1Vge2HtMHg,k-xI_u4kh0s,HARJAS X HARJAAYI - FILAM ( FULL VIDEO ) | ANKEE | KALAMKAAR,2020-02-02,1217582,51303,5899
UC99IVRmbb0vJZ1Vge2HtMHg,KYzMrMFu9II,HARJAS - KHAMAKHA (FULL VIDEO) | KALAMKAAR,2020-01-31,1405731,65712,4780
UC99IVRmbb0vJZ1Vge2HtMHg,KPEJDCFe3-A,KR$NA - MAHARANI (FULL VIDEO) | KALAMKAAR,2020-01-29,5299449,176422,23430
UC99IVRmbb0vJZ1Vge2HtMHg,2KsrtJ3VtZs,KR$NA - UNTITLED (FULL VIDEO) | KALAMKAAR,2020-01-27,7752864,200446,17972
UC99IVRmbb0vJZ1Vge2HtMHg,6MwoLjA69JA,Musafir EP Jukebox | Rashmeet Kaur,2020-01-11,67034,4628,190
UC99IVRmbb0vJZ1Vge2HtMHg,R29_QCNLjiQ,Mic Check Jukebox | Kalamkaar,2020-01-05,99063,8026,573
UC99IVRmbb0vJZ1Vge2HtMHg,EBXPiNQlZYg,CATCHY HOOK (FULL VIDEO) | KARMA | DEEP KALSI | KALAMKAAR,2019-12-31,1408674,81363,4984
UC99IVRmbb0vJZ1Vge2HtMHg,x4X7xJAhV64,PEHLA PYAAR | FULL VIDEO | HARJAS | KALAMKAAR,2019-12-13,1357849,56583,2401
UC99IVRmbb0vJZ1Vge2HtMHg,albxoI824nE,IK MERI | RASHMEET KAUR FT. HARJAS & DEEP KALSI,2019-12-01,475692,21772,914
UC99IVRmbb0vJZ1Vge2HtMHg,a6sS7T7JRVU,KR$NA : DUM HAI | KALAMKAAR,2019-11-03,2892886,127322,17961
UC99IVRmbb0vJZ1Vge2HtMHg,glSCdftBo7Y,KARMA : SWAGAT HAI | DEEP KALSI |  KALAMKAAR,2019-10-03,1550109,75020,2856
UC99IVRmbb0vJZ1Vge2HtMHg,fHSo2cpyIas,KR$NA - SEEDHA MAKEOVER | KALAMKAAR,2019-09-16,10753017,298330,58371
UC99IVRmbb0vJZ1Vge2HtMHg,z0yeFVUs-70,FREEVERSE FEAST (LANGAR) : KR$NA | Music By RAFTAAR | KALAMKAAR,2019-08-30,6655363,206937,28738
UC99IVRmbb0vJZ1Vge2HtMHg,bcz01pTjYiM,PARESHAAN AATMA : HARJAS | ANKEE | KALAMKAAR,2019-08-10,475283,20112,710
UC99IVRmbb0vJZ1Vge2HtMHg,3FSx60_XGiU,AADAT : KR$NA | KALAMKAAR,2019-06-18,757596,31648,1766
UC99IVRmbb0vJZ1Vge2HtMHg,4Mh7i86WQhY,TAKE DISS : KARMA X DEEP KALSI | KALAMKAAR,2019-06-12,2343536,92783,5840
UC99IVRmbb0vJZ1Vge2HtMHg,G1ARv8C1Pqk,KOI SHAQ : EMCEE HASNAIN | KALAMKAAR,2019-06-05,509685,25340,1211
UC99IVRmbb0vJZ1Vge2HtMHg,PC6AeP_s1OQ,Aaj Tak | Kidshot | Kato | Kalamkaar,2019-05-08,206286,11017,576
UC99IVRmbb0vJZ1Vge2HtMHg,VZ3enfPA9Sc,FARAK NAHI PADTA : KR$NA | KALAMKAAR,2019-04-29,2476131,68032,3515
UC99IVRmbb0vJZ1Vge2HtMHg,Tb5qmJnX5Jk,PYAAR DIYAN : GAGZ SEHRA FT. PUNIT MALHOTRA | AK PROJEKTS,2019-04-24,49426,2484,108
UC99IVRmbb0vJZ1Vge2HtMHg,cpMwRHvfLtc,NO NO : DEEP KALSI x HARJAS x KR$NA | AK PROJEKTS,2019-04-20,290774,14027,609
UC99IVRmbb0vJZ1Vge2HtMHg,4u5B2_wgWXA,BANDI RONA : HARJAS | AK PROJEKTS,2019-04-11,549914,17220,731
UC99IVRmbb0vJZ1Vge2HtMHg,GEGiFrB_irg,NO BRO : DEEP KALSI x KARMA | AK PROJEKTS,2019-04-10,371843,15641,600
UC99IVRmbb0vJZ1Vge2HtMHg,XSIbYd6-Lcw,"Deep Kalsi, Karma, Harjas, Kidshot & Kr$na - Warm Up | Mic Check-Season 1 | Episode 10 | AK Projekts",2019-01-22,5358502,154486,4790
UC99IVRmbb0vJZ1Vge2HtMHg,FvCdMd4WHAk,Kr$na - Solo | Mic Check - Season 1 | Episode 9 | AK Projekts,2019-01-15,1689582,64041,3277
UC99IVRmbb0vJZ1Vge2HtMHg,b8SEI0WaClw,Akriti Kakar - Akhiyan Udeek Diyan | Mic Check - Season 1 | Episode 8 | AK Projekts,2019-01-08,298615,9311,429
UC99IVRmbb0vJZ1Vge2HtMHg,5Xxvs_itUSk,KARMA - 1 Se 23 | Mic Check - Season 1 | Episode 7 | AK Projekts,2019-01-01,14493259,508294,12228
UC99IVRmbb0vJZ1Vge2HtMHg,f75yB7olimE,Deep Kalsi - Love With You | Mic Check - Season 1 | Episode 6 | AK Projekts,2018-12-25,392946,16246,417
UC99IVRmbb0vJZ1Vge2HtMHg,Jl7exx3Mkeo,Kidshot - Jeene De | Mic Check - Season 1 | Episode 5 | AK Projekts,2018-12-18,287174,12614,376
UC99IVRmbb0vJZ1Vge2HtMHg,iMdcfJxgVb0,Rashmeet Kaur X NSG Music - Jugni | Mic Check - Season 1 | Episode 4 | AK Projekts,2018-12-11,184074,7671,239
UC99IVRmbb0vJZ1Vge2HtMHg,8fbSlNI3_m0,Harjas - Ajooba | Mic Check - Season 1 | Episode 3 | AK Projekts,2018-12-04,816448,21016,852
UC99IVRmbb0vJZ1Vge2HtMHg,GtxSlFtU3KI,YUNAN - Dreamin | Mic Check - Season 1 | Episode 2 | AK Projekts,2018-11-27,574737,23904,1035
UC99IVRmbb0vJZ1Vge2HtMHg,UZxW6vScwkE,Yungsta - Big Boss | Mic Check - Season 1 | Episode 1 | AK Projekts,2018-11-20,148785,7978,417
UC99IVRmbb0vJZ1Vge2HtMHg,bH80rXRZ0qs,KALAMBAS : KARMA | AK PROJEKTS,2018-08-16,651640,25239,700
UC99IVRmbb0vJZ1Vge2HtMHg,vwdL-mxnM3I,HARJAS LIVE,2018-08-14,15925,724,47
UC99IVRmbb0vJZ1Vge2HtMHg,DwRDxnBz4j8,YUNAN LIVE - AK PROJEKTS,2018-07-24,56165,2179,48
UC99IVRmbb0vJZ1Vge2HtMHg,oKeP0zLkPEk,KHOYA : KIDSHOT | AK PROJEKTS,2018-07-23,91309,4045,221
UC99IVRmbb0vJZ1Vge2HtMHg,AP3AQmwyVSo,Kr$na's First YouTube Live Chat,2018-07-17,55430,4800,457
UC99IVRmbb0vJZ1Vge2HtMHg,sgg7s1FfmCU,KR$NA - MUQABLA | AK PROJEKTS,2018-07-10,595902,28161,2384
UC99IVRmbb0vJZ1Vge2HtMHg,3xt7-sE8TQ8,The Best Of Desi Hip-Hop | Audio Jukebox,2018-07-08,37655,1342,58
UC99IVRmbb0vJZ1Vge2HtMHg,XiXTxPTjHBQ,DHEERE DHEERE : HARJAS | BEHIND THE SCENES | AK PROJEKTS,2018-06-29,16466,642,25
UC99IVRmbb0vJZ1Vge2HtMHg,Kx0j-56JUn4,LAKHS : SHAH RULE | AK PROJEKTS,2018-06-25,115571,4231,187
UC99IVRmbb0vJZ1Vge2HtMHg,TZ4Yoo4e_FM,DHEERE DHEERE : HARJAS | AK PROJEKTS,2018-06-20,522320,13688,505
UC99IVRmbb0vJZ1Vge2HtMHg,5qYFtZwa4Vk,NETFLIX AND CHILL : YUNAN X RAFTAAR | AK PROJEKTS,2018-06-11,525572,24892,899
UC99IVRmbb0vJZ1Vge2HtMHg,SpQJnzKbsnI,Rap Karte Hain | KARMA | Deep Kalsi | AK Projekts,2018-05-22,2949019,96090,2333
UC99IVRmbb0vJZ1Vge2HtMHg,d7ku3lxxpZM,DEEP KALSI - RAASTEY (Lyrical Video) | New Hindi Songs 2017 | AK Projekts,2017-09-05,160565,2333,81
UC99IVRmbb0vJZ1Vge2HtMHg,4PPAn71G79Q,Deep Kalsi | KR$NA | Woofer | AK Projekts,2017-08-30,715886,23257,791
UC99IVRmbb0vJZ1Vge2HtMHg,AmwQ55YaA8o,Hari Hari (Full Video) | Shivai Vyas | Shanky | AK Projekts,2017-08-23,538372,4884,147
UC99IVRmbb0vJZ1Vge2HtMHg,f_dbK6n2OpU,$100 Dollar Bill (Full Video) | Puneet Kohli | Thee Emenjay | Marshall The Third | AK Projekts,2017-08-04,257244,2028,154
UCrtOnzd9dWH9lXTAB-64Hfg,_TOumCt1g_c,King - Tera Hua Na Kabhii x High Born | The Last Bounce | Prod by. Section8 | Latest Hit Songs 2021,2021-10-18,4316387,216912,10904
UCrtOnzd9dWH9lXTAB-64Hfg,6IHp_xIG6n4,King - Tera Hua Na Kabhii ft. High Born (Teaser) | The Last Bounce,2021-10-16,409688,38126,1897
UCrtOnzd9dWH9lXTAB-64Hfg,kV2Xjm9Z708,King - ERA | The Gorilla Bounce | Prod by. Section8 | Latest Hit Songs 2021,2021-09-30,3208312,237500,12833
UCrtOnzd9dWH9lXTAB-64Hfg,nqS3MPyh1H4,King - ERA (Teaser),2021-09-29,357893,44237,2378
UCrtOnzd9dWH9lXTAB-64Hfg,5kR9jy6PZtk,King - Main Bas Kehti Nahi | The Gorilla Bounce | Prod by. Section 8 | Latest Hit Songs 2021,2021-06-15,4663646,220952,13030
UCrtOnzd9dWH9lXTAB-64Hfg,T-ztCxK4H00,King - Desi Dan Bilzerian | The Gorilla Bounce | Prod by. Section8 | Latest Hit Songs 2021,2021-05-25,9078802,428473,15784
UCrtOnzd9dWH9lXTAB-64Hfg,fYWO7h2R0uY,King - Koo Koo (Explicit) ft.Jaz & Aesap | The Gorilla Bounce | Prod. by Dev | Latest Hit Songs 2021,2021-05-23,2399657,138764,7629
UCrtOnzd9dWH9lXTAB-64Hfg,tmTe6SiC0Po,King - Shaamein ft. Harjas Harjaayi | The Gorilla Bounce | Prod. by Sshiv | Latest Hit Songs 2021,2021-05-20,5526987,232519,14301
UCrtOnzd9dWH9lXTAB-64Hfg,wUNtsTrlHaA,King - Casanova ft. Rahul Sathu | The Gorilla Bounce | Latest Hit Songs 2021,2021-04-15,4026928,180257,8663
UCrtOnzd9dWH9lXTAB-64Hfg,VTlKe3VzWIg,King - Casanova (Trailer) ft. Rahul Sathu | The Gorilla Bounce | Latest Hit Songs 2021,2021-04-13,631365,57438,3176
UCrtOnzd9dWH9lXTAB-64Hfg,oMoAFIlSsvQ,King - Godfather | The Gorilla Bounce | Prod. by Section 8 | Latest Hit Songs 2021,2021-04-01,1394980,108092,9196
UCrtOnzd9dWH9lXTAB-64Hfg,yfFN9JSkh1I,King - Saloot | The Gorilla Bounce | Prod. by Section 8 | Latest Hit Songs 2021,2021-03-15,2945292,154792,10593
UCrtOnzd9dWH9lXTAB-64Hfg,sgl9LeTbnEM,King - Blanko | The Gorilla Bounce | Prod. by Section 8 | Latest Hit Songs 2021,2021-03-01,4903346,226646,11626
UCrtOnzd9dWH9lXTAB-64Hfg,9cclBKDC6fI,King - Picasso | The Gorilla Bounce | Prod. by Section 8 | Latest Hit Songs 2021,2021-02-10,4587522,207050,13022
UCrtOnzd9dWH9lXTAB-64Hfg,SbsYboA9dUo,KING - INTRODUCING | THE GORILLA BOUNCE,2021-02-01,887105,79485,3615
UCrtOnzd9dWH9lXTAB-64Hfg,A66TYFdz8YA,King - Tu Aake Dekhle | The Carnival | The Last Ride | Prod. by Shahbeatz | Latest Hit Songs 2020,2020-09-01,188667531,3545477,92761
UCrtOnzd9dWH9lXTAB-64Hfg,suS4R4tc0pM,King - IICONIC | The Carnival | Prod. by Auhm | Latest Hit Songs 2020,2020-08-25,6891372,302320,15838
UCrtOnzd9dWH9lXTAB-64Hfg,nInI_ukvz2A,King - Let The Eyes Talk | The Carnival | Prod. by Shahbeats | Latest Hit Songs 2020,2020-08-10,3129176,138286,5887
UCrtOnzd9dWH9lXTAB-64Hfg,ip3f5jwRgs0,King - Mafiia (Explicit) | The Carnival | Prod. by Dev | Latest Hit Songs 2020,2020-07-31,4732958,208094,10437
UCrtOnzd9dWH9lXTAB-64Hfg,6INT3c0e70s,King - 90s | The Carnival | Prod. by Shahbeats | Latest Hit Songs 2020,2020-07-20,2159246,123094,5351
UCrtOnzd9dWH9lXTAB-64Hfg,_fHQzYx-_Sg,King - Dracula (Official Video) | The Carnival | Prod. by Yokimuzik | Latest Hit Songs 2020,2020-07-10,6080551,230930,10677
UCrtOnzd9dWH9lXTAB-64Hfg,tYWzm47lYpc,King - Thoda Samjha Karo ft.King (Explicit) |The Carnival| Prod. by Satyam HCR |Latest Songs 2020,2020-06-30,1441316,83337,4046
UCrtOnzd9dWH9lXTAB-64Hfg,YTSDgHuWVN4,King - She Don't Give A (Explicit) | The Carnival | Prod. by Satyam HCR | Latest Songs 2020,2020-06-20,2804473,157389,6826
UCrtOnzd9dWH9lXTAB-64Hfg,p_4VvWCugbE,"King - Introducing ""THE CARNIVAL"" | The Carnival Album | Theme Prod. by Frisk | NEW ALBUM ARRIVING",2020-06-12,655468,47393,1820
UCrtOnzd9dWH9lXTAB-64Hfg,zk5FOjXQGS4,King - No Loss (Official Video) | Prod.by Section8 | New Life | Latest Punjabi Hit Songs 2020,2020-02-25,13797426,432998,14144
UCrtOnzd9dWH9lXTAB-64Hfg,SpoHVGwoiWs,King - Tum Saath Rehnaa (Official Video) | Nikita Thakur | New Life | Latest songs 2019,2019-12-01,12800125,317770,10415
UCrtOnzd9dWH9lXTAB-64Hfg,m6Cay4cr7-E,King - Gold Digger | Moment Hai | Official YT Jukebox | Latest Songs 2019 |,2019-10-01,5458941,179400,4589
UCrtOnzd9dWH9lXTAB-64Hfg,DqItR8gPpe0,King ft. Nateboi - Outta My Mind (Lyrical) | Mashhoor Chapter 1 | Latest Songs 2019,2019-09-20,1136680,52804,2191
UCrtOnzd9dWH9lXTAB-64Hfg,y41--C3V_e0,King - Going Bad (Official June Playlist) | Prod. by Josh Petruccio | Mashhoor Chapter 1 |,2019-06-25,1129715,35863,819
UCrtOnzd9dWH9lXTAB-64Hfg,5rIeFZAlovs,King - I Know You | The Showman Reel (Official Video) | Mashhoor Chapter 1 | Latest Hindi Songs 2019,2019-06-11,1994043,60460,1356
UCrtOnzd9dWH9lXTAB-64Hfg,S0WX61pgEEA,King - Ghumshudaa (Official Video) | Mashhoor Chapter 1 | Latest Punjabi Songs 2019,2019-06-01,19363052,509893,10420
UCrtOnzd9dWH9lXTAB-64Hfg,MPsZ95crpHo,King - Akeli Awara Azad (Official May Playlist) | Mashhoor Chapter 1 | Latest Hindi Songs 2019,2019-05-24,1502402,44282,810
UCrtOnzd9dWH9lXTAB-64Hfg,3ZZBUv-C0-I,King - Umar 73 (Official May Playlist) | Mashhoor Chapter 1 | Latest Hindi Rap Songs 2019,2019-05-17,1548296,43106,1067
UCrtOnzd9dWH9lXTAB-64Hfg,O2yLYBEzEeo,King - Fantasy (Official May Playlist) | Mashhoor Chapter 1 | Latest Songs 2019,2019-05-10,1404898,40597,843
UCrtOnzd9dWH9lXTAB-64Hfg,7tBm3exHmFI,King - Maahaul (The Showman Reel) | Mashhoor Chapter 1 | Prod. by Kane Beats | Latest Songs 2019,2019-02-22,8084235,213993,5647
UCrtOnzd9dWH9lXTAB-64Hfg,18zhs9dDXpw,King - Talismann [Official Audio] EP TALISMANN,2018-12-31,1925314,47677,1261
UCrtOnzd9dWH9lXTAB-64Hfg,-LnDE7QTGj4,King - Hennessy [Official Audio] EP TALISMANN,2018-12-20,1846767,43347,987
UCrtOnzd9dWH9lXTAB-64Hfg,4mpEpc1y5bw,King - Main Ho Gaya Tera [Official Video] EP TALISMANN,2018-12-12,3349645,100850,2298
UCrtOnzd9dWH9lXTAB-64Hfg,1pMiINPhWi0,King - F L E X [Official Video - Explicit] EP TALISMANN,2018-11-30,1641782,56987,1581
UCrtOnzd9dWH9lXTAB-64Hfg,AUZeHyuhLYs,King - Dur Kyun [Official Video] || Prod. by Ryini Beats || EP TALISMANN,2018-11-20,35384,1869,124
UCrtOnzd9dWH9lXTAB-64Hfg,MP4RlJ0yXhA,King - Hum Bekhudi Mein ðŸ¥ƒ,2018-08-24,2021687,52389,2005
UCrtOnzd9dWH9lXTAB-64Hfg,ySPUo972gpQ,King - T A A L I Y A A N ðŸ‘ [official audio] | Re-Uploaded,2018-08-01,3737355,116039,3450
UCrtOnzd9dWH9lXTAB-64Hfg,Gmg95hXlD3E,King - Hauley [Official Video],2018-04-03,1182037,42865,1063
UCrtOnzd9dWH9lXTAB-64Hfg,PVvSjfHqHBM,King - Chorusâ¤ [Official Video],2018-01-29,1052276,43223,1108
UCrtOnzd9dWH9lXTAB-64Hfg,3ild6Jedstk,King - Promise [Official Video],2017-08-20,428194,18405,318
UCrtOnzd9dWH9lXTAB-64Hfg,Y760hs1K2Is,King - Hitman [Official Video],2017-06-26,378497,19208,539
UCrtOnzd9dWH9lXTAB-64Hfg,3HJpG_GKYWo,King - Zinnda [Official Video] (Explicit Version),2016-09-09,358131,17751,406
UCrtOnzd9dWH9lXTAB-64Hfg,8d7V8YIs_aU,Boombass - King,2015-01-15,247291,15036,611
UCFX8go5jeQ_9_Pk9WFl5tmA,xVJFmmq_vwo,DIVINE - Spicy (Freeverse),2021-10-02,1978140,183375,8042
UCFX8go5jeQ_9_Pk9WFl5tmA,HGamfr75Jso,DIVINE - RIDER feat. Lisa Mishra [Behind The Scenes],2021-09-01,1934391,127143,2008
UCFX8go5jeQ_9_Pk9WFl5tmA,voZv9trgIv0,"DIVINE - RIDER Feat. Lisa Mishra | Prod. by Kanch, Stunnah Beatz | Official Music Video",2021-04-13,23979747,771363,24628
UCFX8go5jeQ_9_Pk9WFl5tmA,jBiTjN87F0o,DIVINE - Jungle Mantra Feat. Vince Staples & Pusha T | The White Tiger (Prod. by @Karan Kanchan),2021-01-15,4392143,147947,5440
UCFX8go5jeQ_9_Pk9WFl5tmA,eHyl9KG9RWA,DIVINE - 3:59 AM | Prod. by Stunnah Beatz | Official Music Video,2020-12-04,121259970,2553288,65296
UCFX8go5jeQ_9_Pk9WFl5tmA,V8SXJXNvt9s,DIVINE - Punya Paap (Album) | Tracklist,2020-12-01,2199326,155454,3365
UCFX8go5jeQ_9_Pk9WFl5tmA,hCVQoKwGwTo,DIVINE - MERA BHAI | Prod. by @Karan Kanchan | Official Music Video,2020-11-06,16809139,703070,20082
UCFX8go5jeQ_9_Pk9WFl5tmA,w5Aioq5VYF0,"DIVINE - MIRCHI Feat. Stylo G, MC Altaf & Phenom | Official Music Video",2020-10-16,256692309,3868369,71376
UCFX8go5jeQ_9_Pk9WFl5tmA,xN0eWZo7o_I,DIVINE - BANDANA GANG Feat. Sikander Kahlon | Official Video | SHUTDOWN,2020-06-09,9566923,326625,10792
UCFX8go5jeQ_9_Pk9WFl5tmA,_-6AlFR1fC8,DIVINE Feat. KR$NA - Bag | Official Lyric Video | SHUTDOWN,2020-05-22,3083632,181087,8014
UCFX8go5jeQ_9_Pk9WFl5tmA,Z-rWc7b1be0,DIVINE - SACH BOL PATTA (Prod. by Stunnah Beatz),2020-04-22,9732835,411479,44953
UCFX8go5jeQ_9_Pk9WFl5tmA,UDj5jAguoF4,DIVINE - Chaabi Wala Bandar (Quality Control) | Prod. by Stunnah Beatz,2020-04-17,10426755,485522,53938
UCFX8go5jeQ_9_Pk9WFl5tmA,d9cXYh8zTpU,DIVINE - SALAAM (Prod. by @Karan Kanchan),2020-04-06,4633299,397308,13913
UCFX8go5jeQ_9_Pk9WFl5tmA,7g57bYU-h4Y,DIVINE - Gandhi Money | Official Music Video (Prod. by Phenom),2020-02-13,21235493,632643,13099
UCFX8go5jeQ_9_Pk9WFl5tmA,LTIlGIrgOd4,DIVINE - Kohinoor | Album Launch Mumbai,2019-10-01,646329,24602,613
UCFX8go5jeQ_9_Pk9WFl5tmA,hjmqRgIoHP8,GULLY LIFE - The Story of DIVINE (Full Movie),2019-07-17,2979348,144582,4109
UCFX8go5jeQ_9_Pk9WFl5tmA,WDNEad24Rqg,GULLY LIFE - The Story of DIVINE (Official Trailer),2019-06-17,950044,71626,1754
UCFX8go5jeQ_9_Pk9WFl5tmA,PwxB_rrI6Tk,DIVINE - Sock Them | Virat Kohli | PUMA India (Prod. by @Karan Kanchan),2019-05-31,1928266,126793,2328
UCFX8go5jeQ_9_Pk9WFl5tmA,9emx__jxcTE,DIVINE - Teesri Manzil (Prod. by Phenom),2018-12-13,36530469,676527,16938
UCFX8go5jeQ_9_Pk9WFl5tmA,8ED4fIGv060,GULLYFEST - GULLY GANG Aftermovie,2018-10-05,529089,17759,307
UCFX8go5jeQ_9_Pk9WFl5tmA,NU3xm6N7tzw,DIVINE - Kaam 25 | Sacred Games (Prod. by Phenom),2018-06-15,63514682,914990,15368
UCFX8go5jeQ_9_Pk9WFl5tmA,i9NOpC5GVRk,DIVINE (GULLY GANG) - Season Aftermovie,2018-06-05,2498787,85029,1237
UCFX8go5jeQ_9_Pk9WFl5tmA,gBaKniqsEC0,DIVINE - One Side (Prod. by Byg Byrd),2018-04-05,24648073,474330,9847
UCFX8go5jeQ_9_Pk9WFl5tmA,vluGPK57vDI,GULLY GANG - DIVINE (GUCCI GANG REMIX) 2018,2018-01-18,2247186,80072,2007
UCFX8go5jeQ_9_Pk9WFl5tmA,oItQfo7AKE4,Paintra   Full Song with Lyrics | Mukkabaaz | Nucleya & Divine | Anurag Kashyap,2017-12-02,534610,18387,351
UCFX8go5jeQ_9_Pk9WFl5tmA,85JyiiDHFbQ,SUEDE GULLY (Official Video),2017-11-05,3065278,74888,1629
UCFX8go5jeQ_9_Pk9WFl5tmA,XcZzAgkmM3M,"Mere Gully Mein X Little Lotto - Nucleya, DIVINE, Naezy, SEZ",2016-10-25,284302,9412,208
UCFX8go5jeQ_9_Pk9WFl5tmA,7g2IjpyIqrg,Scene Kya Hai - NUCLEYA X DIVINE (Lyric Video),2016-09-29,864194,24709,524
UCFX8go5jeQ_9_Pk9WFl5tmA,W_aLmjb4E0Q,Jungle Raja - Nucleya feat. DIVINE | Bass Rani | Video,2015-10-01,8672640,155740,1851
UCFX8go5jeQ_9_Pk9WFl5tmA,4zrISIS3ziM,#meregullymein (Behind The Scenes) Divine ft Naezy (beatbySEZ),2015-04-04,415750,12503,130
UCFX8go5jeQ_9_Pk9WFl5tmA,u61aviJ7bA8,DIVINE FEAT. NAEZY - MERE GULLY MEIN (TEASER),2014-12-25,348158,10194,85
UCFX8go5jeQ_9_Pk9WFl5tmA,g444AYkVXxc,DIVINE performing @ S.I.E.S College Fest 2013 (Visions),2013-12-17,204212,6109,89
UCFX8go5jeQ_9_Pk9WFl5tmA,n1mvcr7YyEE,DIVINE - Yeh Mera Bombay (Prod. by RJV & Sez),2013-11-16,4363273,128879,2445
UCFX8go5jeQ_9_Pk9WFl5tmA,MSvQoA17eRs,DIVINE - VOICE OF THE STREETS (2013),2013-03-21,1771654,78737,2740
